{"cameraMode":{"drawMode":0,"name":"Shaded","section":"Shading Mode"},"sceneLighting":true,"audioPlay":false,"sceneViewState":{"m_AlwaysRefresh":false,"showFog":true,"showSkybox":true,"showFlares":true,"showImageEffects":true,"showParticleSystems":true,"showVisualEffectGraphs":true,"m_FxEnabled":true},"in2DMode":false,"pivot":{"x":40.518516540527347,"y":0.11016702651977539,"z":31.86762237548828},"rotation":{"x":0.19356754422187806,"y":0.8016841411590576,"z":-0.44560199975967409,"w":0.3482472002506256},"size":63.99067306518555,"orthographic":false}